USE [JobPortalDb]
GO
SET IDENTITY_INSERT [dbo].[Users] ON 
GO
INSERT [dbo].[Users] ([ID], [Email], [Password], [FirstName], [LastName], [Gender], [IsEmailVerified], [IsActive], [LoginFailureCount], [CreatedOn], [CreatedBy], [UpdatedOn], [UpdatedBy], [UserLoginTypeId], [Latitude], [Longitude]) VALUES (1, N'zetawars@hotmail.com', N'Zawar123!@#', N'Zawar', N'Mahmood', N'Male', 1, 1, 0, CAST(N'2021-11-06T18:13:20.0233333' AS DateTime2), 1, CAST(N'2021-11-06T18:13:20.0233333' AS DateTime2), 1, 1, 31.5661307, 74.28955)
GO
INSERT [dbo].[Users] ([ID], [Email], [Password], [FirstName], [LastName], [Gender], [IsEmailVerified], [IsActive], [LoginFailureCount], [CreatedOn], [CreatedBy], [UpdatedOn], [UpdatedBy], [UserLoginTypeId], [Latitude], [Longitude]) VALUES (2, N'zetawars1@hotmail.com', N'Zawar123!@#', N'Zawar', N'Mahmood', N'Male', 1, 1, 0, CAST(N'2021-11-06T18:13:33.3300000' AS DateTime2), 1, CAST(N'2021-11-06T18:13:33.3300000' AS DateTime2), 1, 1, 31.564880551091203, 74.303674023760934)
GO
INSERT [dbo].[Users] ([ID], [Email], [Password], [FirstName], [LastName], [Gender], [IsEmailVerified], [IsActive], [LoginFailureCount], [CreatedOn], [CreatedBy], [UpdatedOn], [UpdatedBy], [UserLoginTypeId], [Latitude], [Longitude]) VALUES (3, N'zetawars2@hotmail.com', N'Zawar123!@#', N'Zawar', N'Mahmood', N'Male', 1, 1, 0, CAST(N'2021-11-06T18:13:38.5866667' AS DateTime2), 1, CAST(N'2021-11-06T18:13:38.5866667' AS DateTime2), 1, 1, 31.559618782361632, 74.303674023760934)
GO
INSERT [dbo].[Users] ([ID], [Email], [Password], [FirstName], [LastName], [Gender], [IsEmailVerified], [IsActive], [LoginFailureCount], [CreatedOn], [CreatedBy], [UpdatedOn], [UpdatedBy], [UserLoginTypeId], [Latitude], [Longitude]) VALUES (4, N'zetawars3@hotmail.com', N'Zawar123!@#', N'Zawar', N'Mahmood', N'Male', 1, 1, 0, CAST(N'2021-11-06T18:13:41.7866667' AS DateTime2), 1, CAST(N'2021-11-06T18:13:41.7866667' AS DateTime2), 1, 1, 31.557248715193168, 74.295865633406947)
GO
INSERT [dbo].[Users] ([ID], [Email], [Password], [FirstName], [LastName], [Gender], [IsEmailVerified], [IsActive], [LoginFailureCount], [CreatedOn], [CreatedBy], [UpdatedOn], [UpdatedBy], [UserLoginTypeId], [Latitude], [Longitude]) VALUES (5, N'zetawars4@hotmail.com', N'Zawar123!@#', N'Zawar', N'Mahmood', N'Male', 1, 1, 0, CAST(N'2021-11-06T18:13:44.7766667' AS DateTime2), 1, CAST(N'2021-11-06T18:13:44.7766667' AS DateTime2), 1, 1, 31.566272043553891, 74.310742403297112)
GO
INSERT [dbo].[Users] ([ID], [Email], [Password], [FirstName], [LastName], [Gender], [IsEmailVerified], [IsActive], [LoginFailureCount], [CreatedOn], [CreatedBy], [UpdatedOn], [UpdatedBy], [UserLoginTypeId], [Latitude], [Longitude]) VALUES (6, N'zetawars5@hotmail.com', N'Zawar123!@#', N'Zawar', N'Mahmood', N'Male', 1, 1, 0, CAST(N'2021-11-06T18:13:47.9300000' AS DateTime2), 1, CAST(N'2021-11-06T18:13:47.9300000' AS DateTime2), 1, 1, 31.572082949456266, 74.2977220636748)
GO
INSERT [dbo].[Users] ([ID], [Email], [Password], [FirstName], [LastName], [Gender], [IsEmailVerified], [IsActive], [LoginFailureCount], [CreatedOn], [CreatedBy], [UpdatedOn], [UpdatedBy], [UserLoginTypeId], [Latitude], [Longitude]) VALUES (7, N'zetawars6@hotmail.com', N'Zawar123!@#', N'Zawar', N'Mahmood', N'Male', 1, 1, 0, CAST(N'2021-11-06T18:13:50.9700000' AS DateTime2), 1, CAST(N'2021-11-06T18:13:50.9700000' AS DateTime2), 1, 1, 31.565321392292329, 74.287412946880664)
GO
INSERT [dbo].[Users] ([ID], [Email], [Password], [FirstName], [LastName], [Gender], [IsEmailVerified], [IsActive], [LoginFailureCount], [CreatedOn], [CreatedBy], [UpdatedOn], [UpdatedBy], [UserLoginTypeId], [Latitude], [Longitude]) VALUES (8, N'zetawars7@hotmail.com', N'Zawar123!@#', N'Zawar', N'Mahmood', N'Male', 1, 1, 0, CAST(N'2021-11-06T18:13:54.2500000' AS DateTime2), 1, CAST(N'2021-11-06T18:13:54.2500000' AS DateTime2), 1, 1, 31.559233397190354, 74.288637792401559)
GO
INSERT [dbo].[Users] ([ID], [Email], [Password], [FirstName], [LastName], [Gender], [IsEmailVerified], [IsActive], [LoginFailureCount], [CreatedOn], [CreatedBy], [UpdatedOn], [UpdatedBy], [UserLoginTypeId], [Latitude], [Longitude]) VALUES (9, N'zetawars8@hotmail.com', N'Zawar123!@#', N'Zawar', N'Mahmood', N'Male', 1, 1, 0, CAST(N'2021-11-06T18:13:57.8900000' AS DateTime2), 1, CAST(N'2021-11-06T18:13:57.8900000' AS DateTime2), 1, 1, 31.542844394712866, 74.307661958010911)
GO
INSERT [dbo].[Users] ([ID], [Email], [Password], [FirstName], [LastName], [Gender], [IsEmailVerified], [IsActive], [LoginFailureCount], [CreatedOn], [CreatedBy], [UpdatedOn], [UpdatedBy], [UserLoginTypeId], [Latitude], [Longitude]) VALUES (10, N'zetawars9@hotmail.com', N'Zawar123!@#', N'Zawar', N'Mahmood', N'Male', 1, 1, 0, CAST(N'2021-11-06T18:14:02.2500000' AS DateTime2), 1, CAST(N'2021-11-06T18:14:02.2500000' AS DateTime2), 1, 1, 31.52347906101112, 74.3003084220852)
GO
INSERT [dbo].[Users] ([ID], [Email], [Password], [FirstName], [LastName], [Gender], [IsEmailVerified], [IsActive], [LoginFailureCount], [CreatedOn], [CreatedBy], [UpdatedOn], [UpdatedBy], [UserLoginTypeId], [Latitude], [Longitude]) VALUES (11, N'zetawars10@hotmail.com', N'Zawar123!@#', N'Zawar', N'Mahmood', N'Male', 1, 1, 0, CAST(N'2021-11-06T18:14:05.1933333' AS DateTime2), 1, CAST(N'2021-11-06T18:14:05.1933333' AS DateTime2), 1, 1, 31.543782253942574, 74.282472542954338)
GO
SET IDENTITY_INSERT [dbo].[Users] OFF
GO
SET IDENTITY_INSERT [Account].[Location] ON 
GO
INSERT [Account].[Location] ([Id], [Address], [Latitude], [Longitude], [UserId]) VALUES (1, N'', 31.5661307, 74.28955, 1)
GO
INSERT [Account].[Location] ([Id], [Address], [Latitude], [Longitude], [UserId]) VALUES (2, N'', 31.564880551091203, 74.303674023760934, 2)
GO
INSERT [Account].[Location] ([Id], [Address], [Latitude], [Longitude], [UserId]) VALUES (3, N'', 31.559618782361632, 74.303674023760934, 3)
GO
INSERT [Account].[Location] ([Id], [Address], [Latitude], [Longitude], [UserId]) VALUES (4, N'', 31.557248715193168, 74.295865633406947, 4)
GO
INSERT [Account].[Location] ([Id], [Address], [Latitude], [Longitude], [UserId]) VALUES (5, N'', 31.566272043553891, 74.310742403297112, 5)
GO
INSERT [Account].[Location] ([Id], [Address], [Latitude], [Longitude], [UserId]) VALUES (6, N'', 31.572082949456266, 74.2977220636748, 6)
GO
INSERT [Account].[Location] ([Id], [Address], [Latitude], [Longitude], [UserId]) VALUES (7, N'', 31.565321392292329, 74.287412946880664, 7)
GO
INSERT [Account].[Location] ([Id], [Address], [Latitude], [Longitude], [UserId]) VALUES (8, N'', 31.559233397190354, 74.288637792401559, 8)
GO
INSERT [Account].[Location] ([Id], [Address], [Latitude], [Longitude], [UserId]) VALUES (9, N'', 31.542844394712866, 74.307661958010911, 9)
GO
INSERT [Account].[Location] ([Id], [Address], [Latitude], [Longitude], [UserId]) VALUES (10, N'', 31.52347906101112, 74.3003084220852, 10)
GO
INSERT [Account].[Location] ([Id], [Address], [Latitude], [Longitude], [UserId]) VALUES (11, N'', 31.543782253942574, 74.282472542954338, 11)
GO
SET IDENTITY_INSERT [Account].[Location] OFF
GO
SET IDENTITY_INSERT [Account].[Interest] ON 
GO
INSERT [Account].[Interest] ([Id], [Title], [Paid], [Description], [Cost], [Type]) VALUES (1, N'Cricket', 0, N'I love playing cricket. call me if you want to play.', 0, N'Hobby')
GO
INSERT [Account].[Interest] ([Id], [Title], [Paid], [Description], [Cost], [Type]) VALUES (2, N'Darksouls', 0, N'I love playing cricket', 0, N'Hobby')
GO
INSERT [Account].[Interest] ([Id], [Title], [Paid], [Description], [Cost], [Type]) VALUES (3, N'IT', 1, N'I can fix computer stuff', 50, N'Occupation')
GO
INSERT [Account].[Interest] ([Id], [Title], [Paid], [Description], [Cost], [Type]) VALUES (4, N'C#', 1, N'I am a professional C# Developer', 100, N'Skill')
GO
INSERT [Account].[Interest] ([Id], [Title], [Paid], [Description], [Cost], [Type]) VALUES (5, N'Javascript', 1, N'I am a professional Javascript Developer', 100, N'Skill')
GO
INSERT [Account].[Interest] ([Id], [Title], [Paid], [Description], [Cost], [Type]) VALUES (6, N'League of Legends', 0, N'i love Lol, my pubg username : ''zetawars''', 0, N'Hobby')
GO
INSERT [Account].[Interest] ([Id], [Title], [Paid], [Description], [Cost], [Type]) VALUES (7, N'Dota', 0, N'i love pubg, my pubg username : ''Dota''', 0, N'Hobby')
GO
INSERT [Account].[Interest] ([Id], [Title], [Paid], [Description], [Cost], [Type]) VALUES (8, N'PUBG', 0, N'i love pubg, my pubg username : ''zetawars''', 0, N'Hobby')
GO
SET IDENTITY_INSERT [Account].[Interest] OFF
GO
INSERT [Account].[UserInterest] ([InterestId], [UserId], [LocationId]) VALUES (2, 1, 1)
GO
INSERT [Account].[UserInterest] ([InterestId], [UserId], [LocationId]) VALUES (3, 1, 1)
GO
INSERT [Account].[UserInterest] ([InterestId], [UserId], [LocationId]) VALUES (4, 1, 1)
GO
INSERT [Account].[UserInterest] ([InterestId], [UserId], [LocationId]) VALUES (5, 1, 1)
GO
INSERT [Account].[UserInterest] ([InterestId], [UserId], [LocationId]) VALUES (8, 1, 1)
GO
INSERT [Account].[UserInterest] ([InterestId], [UserId], [LocationId]) VALUES (8, 2, 2)
GO
INSERT [Account].[UserInterest] ([InterestId], [UserId], [LocationId]) VALUES (2, 3, 3)
GO
INSERT [Account].[UserInterest] ([InterestId], [UserId], [LocationId]) VALUES (5, 3, 3)
GO
INSERT [Account].[UserInterest] ([InterestId], [UserId], [LocationId]) VALUES (6, 3, 3)
GO
INSERT [Account].[UserInterest] ([InterestId], [UserId], [LocationId]) VALUES (3, 4, 4)
GO
INSERT [Account].[UserInterest] ([InterestId], [UserId], [LocationId]) VALUES (8, 4, 4)
GO
INSERT [Account].[UserInterest] ([InterestId], [UserId], [LocationId]) VALUES (5, 5, 5)
GO
INSERT [Account].[UserInterest] ([InterestId], [UserId], [LocationId]) VALUES (1, 7, 7)
GO
INSERT [Account].[UserInterest] ([InterestId], [UserId], [LocationId]) VALUES (5, 7, 7)
GO
INSERT [Account].[UserInterest] ([InterestId], [UserId], [LocationId]) VALUES (6, 8, 8)
GO
INSERT [Account].[UserInterest] ([InterestId], [UserId], [LocationId]) VALUES (7, 8, 8)
GO
INSERT [Account].[UserInterest] ([InterestId], [UserId], [LocationId]) VALUES (5, 9, 9)
GO
INSERT [Account].[UserInterest] ([InterestId], [UserId], [LocationId]) VALUES (8, 9, 9)
GO
INSERT [Account].[UserInterest] ([InterestId], [UserId], [LocationId]) VALUES (5, 10, 10)
GO
INSERT [Account].[UserInterest] ([InterestId], [UserId], [LocationId]) VALUES (2, 11, 11)
GO
INSERT [Account].[UserInterest] ([InterestId], [UserId], [LocationId]) VALUES (5, 11, 11)
GO
INSERT [dbo].[__EFMigrationsHistory] ([MigrationId], [ProductVersion]) VALUES (N'20211028165533_init', N'3.1.0')
GO
INSERT [dbo].[__EFMigrationsHistory] ([MigrationId], [ProductVersion]) VALUES (N'20211030140754_authTokenmigration', N'3.1.0')
GO
INSERT [dbo].[__EFMigrationsHistory] ([MigrationId], [ProductVersion]) VALUES (N'20211106175855_interestsAndLocation', N'3.1.0')
GO
INSERT [dbo].[__EFMigrationsHistory] ([MigrationId], [ProductVersion]) VALUES (N'20211106181502_userInterest', N'3.1.0')
GO
INSERT [dbo].[__EFMigrationsHistory] ([MigrationId], [ProductVersion]) VALUES (N'20211106222225_locations-2', N'3.1.0')
GO
